{
  "backend_name": "ibm_fez",
  "Ns": 3,
  "DEPTH": 2,
  "ITER_SHOTS": 5000,
  "SPSA": {
    "A0": 0.2,
    "C0": 0.15,
    "A": 10.0,
    "ALPHA": 0.602,
    "GAMMA": 0.101
  },
  "phys_chain": [
    144,
    143,
    142
  ],
  "bases": [
    "XXX",
    "XXY",
    "XXZ",
    "XYX",
    "XYY",
    "XYZ",
    "XZX",
    "XZY",
    "XZZ",
    "YXX",
    "YXY",
    "YXZ",
    "YYX",
    "YYY",
    "YYZ",
    "YZX",
    "YZY",
    "YZZ",
    "ZXX",
    "ZXY",
    "ZXZ",
    "ZYX",
    "ZYY",
    "ZYZ",
    "ZZX",
    "ZZY",
    "ZZZ"
  ],
  "p_basis": [
    0.11534879519784555,
    0.08394845526715157,
    0.062381368844918655,
    0.0993389292547948,
    0.05886858115243506,
    0.024375416748233465,
    0.07102788705568988,
    0.03372084663129366,
    0.040343431615243154,
    0.08775181677263348,
    0.03636934332119916,
    0.02007346357933218,
    0.05684964742968048,
    0.03042459576144788,
    0.00934060501840778,
    0.026450400722886083,
    0.01529168787061009,
    0.009090164166433826,
    0.03970979263009291,
    0.007395757496221524,
    0.01784006472397512,
    0.011776263954173187,
    0.005451434356275104,
    0.0018266174945629737,
    0.022350160928880383,
    0.007614058507501719,
    0.005040413498080267
  ]
}